,Name,Coefficients
0,指名回数_あり,-3037.8924724719664
1,コース受諾回数_あり,56606.34750183702
2,院長挨拶回数_あり,7997.519355617355
3,自宅TEL_有,3263.572373080738
4,携帯メール_有,1468.7185966020702
5,PCメール_有,-1524.4375640404521
6,職業_その他,-165.42439540159208
7,職業_パート・アルバイト,2473.6952298823476
8,職業_主婦,-1005.7942483433822
9,職業_会社員,2145.546482298511
10,職業_学生,1678.7391189478426
11,職業_自営業,1991.404969423611
