,Name,Coefficients
0,指名回数_あり,-4824.25518001888
1,コース受諾回数_あり,57424.30063538157
2,院長挨拶回数_あり,8372.11741556082
3,自宅TEL_有,2315.705832932998
4,携帯メール_有,1039.7826167086325
5,PCメール_有,-1397.8007997585667
6,職業_その他,489.4194410439076
7,職業_パート・アルバイト,-1080.1828650973127
8,職業_主婦,-1540.5508493912682
9,職業_会社員,726.8577339270465
10,職業_学生,3807.070356946526
11,職業_自営業,810.3331969053894
