,滞在時間,閲覧ページ総数,閲覧ページ数/セッション,コース受諾回数_nan,コース受諾回数_あり,コース受諾回数_なし,コース受諾回数_削除,コース受諾回数_空欄,生年月日
coefficient,[0.04757176],[0.01753541],[0.03782793],[-0.55267093],[2.62686244],[2.07006369],[0.],[0.],[0.00338608]
intercept,2.8546937007597486,2.897517500127738,2.878601988226282,3.4441173768993,1.4095649618721426,2.9299363057324843,2.894192521877486,2.90533015115354,2.916062961914071
train_score,0.002774828656921579,0.0013989736541577535,0.0017275303163734046,0.07584510548909562,0.7726379367350122,0.0014425832555855498,0.0,0.0,0.0012271236985128553
test_score,-0.009479939796699588,-0.0002748576973026218,-0.0024940617915976127,0.0681361766459071,0.7896562808733234,-0.0003830894298242349,-0.003478760701220329,-0.0013169540879389707,-0.003002985357795307
